,placement,waferTrueLatency,faultTrueLatency,totalTrueLatency
0,1-1-1-2-2-0-1-1-0-2,4.99393949508667,2.5105341196060182,7.504473614692688
