,placement,waferLatency,faultLatency,waferTrueLatency,faultTrueLatency,totalTrueLatency
0,2-1-1-2-1-0-2-1-0-1,23.14273452758789,2.3609323501586914,26.666028380393985,2.3531610941886902,29.019189474582674
