,placement,waferLatency,faultLatency,waferTrueLatency,faultTrueLatency,totalTrueLatency
0,2-1-1-2-1-0-2-1-0-1,3.880892753601074,2.4714982509613037,3.546028435230255,2.425307512283325,5.97133594751358
