,placement,waferTrueLatency,faultTrueLatency,totalTrueLatency
0,1-2-1-2-2-0-1-1-0-1,7.9341915369033815,3.547395169734955,11.481586706638335
