,placement,waferTrueLatency,faultTrueLatency,totalTrueLatency
0,1-1-2-2-2-0-1-1-0-1,11.81870079835256,5.054941956202189,16.87364275455475
