,placement,waferTrueLatency,faultTrueLatency,totalTrueLatency
0,1-1-1-2-2-0-1-1-0-2,13.036651595433552,2.5470978736877443,15.583749469121297
