,placement,waferLatency,faultLatency,waferTrueLatency,faultTrueLatency,totalTrueLatency
0,2-1-1-2-1-0-2-1-0-1,5.806497573852539,2.1273717880249023,7.481371891498567,2.3896378219127654,9.871009713411333
