,placement,waferTrueLatency,faultTrueLatency,totalTrueLatency
0,1-1-2-2-2-0-1-1-0-1,16.93905468583107,6.460070198774337,23.399124884605406
