,placement,waferTrueLatency,faultTrueLatency,totalTrueLatency
0,1-1-1-2-2-0-1-1-0-2,19.390455371141435,2.6818367719650267,22.072292143106463
