,placement,waferLatency,faultLatency,waferTrueLatency,faultTrueLatency,totalTrueLatency
0,2-1-1-2-1-0-2-1-0-1,9.311010360717773,2.189011812210083,10.378927021026607,2.383893032073974,12.762820053100581
