,placement,waferTrueLatency,faultTrueLatency,totalTrueLatency
0,1-1-1-2-2-0-1-1-0-2,26.991362285614013,2.767426438331604,29.758788723945617
