,placement,waferTrueLatency,faultTrueLatency,totalTrueLatency
0,1-1-2-2-2-0-1-1-0-1,22.674134225845336,8.35063726902008,31.024771494865416
