,placement,waferTrueLatency,faultTrueLatency,totalTrueLatency
0,1-1-1-2-2-0-1-1-0-2,34.07330431938171,2.859022645155589,36.9323269645373
