,placement,waferTrueLatency,faultTrueLatency,totalTrueLatency
0,1-1-2-2-2-0-1-1-0-1,28.58074190616607,10.050951544443766,38.63169345060984
