,placement,waferTrueLatency,faultTrueLatency,totalTrueLatency
0,1-1-2-2-2-0-1-1-0-1,34.5166122164045,11.689286841664991,46.20589905806949
