,placement,waferTrueLatency,faultTrueLatency,totalTrueLatency
0,1-1-1-2-2-0-1-1-0-2,41.113022855349946,3.01752383027758,44.13054668562753
