,placement,waferLatency,faultLatency,waferTrueLatency,faultTrueLatency,totalTrueLatency
0,2-1-1-2-1-0-2-1-0-1,19.55327606201172,3.668753147125244,19.931041359901425,2.3655114740133287,22.296552833914753
