,placement,waferTrueLatency,faultTrueLatency,totalTrueLatency
0,1-1-1-2-2-0-1-1-0-2,48.433016750216474,3.2079431116580963,51.64095986187457
