,placement,waferTrueLatency,faultTrueLatency,totalTrueLatency
0,1-1-2-2-2-0-1-1-0-1,40.48600954711437,13.335722663998606,53.82173221111297
