,placement,waferTrueLatency,faultTrueLatency,totalTrueLatency
0,1-1-2-2-2-0-1-1-0-1,46.54916230042775,15.020783954196505,61.569946254624256
