,placement,waferTrueLatency,faultTrueLatency,totalTrueLatency
0,1-1-1-2-2-0-1-1-0-2,56.32088017993504,3.377127430174087,59.69800761010912
