,placement,waferTrueLatency,faultTrueLatency,totalTrueLatency
0,1-1-1-2-2-0-1-1-0-2,64.01459862470628,3.517048075199128,67.53164669990541
