,placement,waferTrueLatency,faultTrueLatency,totalTrueLatency
0,1-1-2-2-2-0-1-1-0-1,52.617582924366,16.722770309448244,69.34035323381424
